<?xml version="1.0" encoding="UTF-8"?>
<project-private xmlns="http://www.netbeans.org/ns/project-private/1">
    <editor-bookmarks xmlns="http://www.netbeans.org/ns/editor-bookmarks/2" lastBookmarkId="0"/>
    <open-files xmlns="http://www.netbeans.org/ns/projectui-open-files/2">
        <group>
            <file>file:/C:/xampp/htdocs/baju_prelovedd/baju_prelovedd/baju_preloved/src/Baju_preloved/beranda.java</file>
            <file>file:/C:/xampp/htdocs/baju_prelovedd/baju_prelovedd/baju_preloved/src/Baju_preloved/Login.java</file>
            <file>file:/C:/xampp/htdocs/baju_prelovedd/baju_prelovedd/baju_preloved/src/Baju_preloved/adminpanel.java</file>
            <file>file:/C:/xampp/htdocs/baju_prelovedd/baju_prelovedd/baju_preloved/src/Baju_preloved/adminlogin.java</file>
            <file>file:/C:/xampp/htdocs/baju_prelovedd/baju_prelovedd/baju_preloved/src/Baju_preloved/Daftar.java</file>
            <file>file:/C:/xampp/htdocs/baju_prelovedd/baju_prelovedd/baju_preloved/src/Baju_preloved/koneksi.java</file>
            <file>file:/C:/xampp/htdocs/baju_prelovedd/baju_prelovedd/baju_preloved/src/Baju_preloved/hoodiee.jpg</file>
            <file>file:/C:/xampp/htdocs/baju_prelovedd/baju_prelovedd/baju_preloved/src/Baju_preloved/baju_preloved.java</file>
        </group>
    </open-files>
</project-private>
